{
  "homography": {
    "width": 1280,
    "height": 1024,
    "handles": [
      [
        226.14173889160156,
        199.2126007080078
      ],
      [
        1041.1842041015625,
        173.0960693359375
      ],
      [
        1077.20947265625,
        842.4188842773438
      ],
      [
        216.8314971923828,
        851.81103515625
      ]
    ],
    "show_handles": false
  }
}