{
  "homography": {
    "width": 1280,
    "height": 1024,
    "handles": [
      [
        238.45669555664062,
        216.68661499023438
      ],
      [
        1049.7322998046875,
        185.44882202148438
      ],
      [
        1080.919677734375,
        854.0157470703125
      ],
      [
        228.8314971923828,
        858.5260009765625
      ]
    ],
    "show_handles": false
  }
}