{
  "homography": {
    "width": 1280,
    "height": 1024,
    "handles": [
      [
        216.69921875,
        199.1496124267578
      ],
      [
        1034.947998046875,
        163.91180419921875
      ],
      [
        1068.2772216796875,
        825.8582763671875
      ],
      [
        216.8314971923828,
        851.81103515625
      ]
    ],
    "show_handles": false
  }
}